"CHROM","POS","ID","ALT","REF","OBS_CT","OR","P","sig"
19,40132472,"rs2158937","T","C",15834,1.88713,9.20558e-07,TRUE
14,72769920,"rs117757342","G","A",15638,2.82681,2.04329e-06,TRUE
18,9406015,"rs79126399","G","A",15818,2.6355,2.29561e-06,TRUE
7,522043,"rs118051507","A","G",15838,2.79461,3.35166e-06,TRUE
14,34755751,"rs79434931","T","C",15842,2.76979,4.96593e-06,TRUE
16,1200232,"rs62012311","T","C",15181,2.22736,5.28798e-06,TRUE
2,175349076,"rs115361661","T","C",15829,2.99481,8.41319e-06,TRUE
7,46167359,"rs73107888","A","G",15820,2.76816,8.49664e-06,TRUE
1,102471839,"rs1415094","C","T",15808,1.5634,8.98809e-06,TRUE
10,131080127,"rs11016735","G","A",15818,2.27625,9.29176e-06,TRUE
21,23757543,"rs35441718","T","C",15812,1.66449,9.48462e-06,TRUE
11,29303546,"rs17513635","A","G",15828,2.7454,1.04522e-05,FALSE
2,146817220,"rs80046096","A","G",15817,2.70398,1.14708e-05,FALSE
7,93020108,"rs73419344","C","T",15831,1.86999,1.47616e-05,FALSE
15,41869162,"rs28657602","A","G",15820,1.45086,1.94268e-05,FALSE
7,82449574,"rs117535611","A","T",15787,2.33361,2.34971e-05,FALSE
10,116133975,"rs117723702","T","C",15826,2.68985,2.39484e-05,FALSE
1,102515357,"rs4128357","A","G",15784,1.48341,2.48377e-05,FALSE
5,145052130,"rs74464998","A","G",15832,2.64091,2.48945e-05,FALSE
17,19437339,"rs61733934","T","C",15517,2.9726,2.7994e-05,FALSE
6,135108517,"rs62430454","T","C",15828,2.28036,2.98817e-05,FALSE
1,102581401,"rs11164389","C","T",15815,1.50225,3.47662e-05,FALSE
1,89556260,"rs7520950","C","A",15799,0.662444,3.58926e-05,FALSE
1,196166502,"rs78471505","C","A",15784,2.16083,3.60508e-05,FALSE
3,168094816,"rs74926728","T","C",15766,1.93202,3.63938e-05,FALSE
15,42032383,"rs17677991","G","C",15787,1.42204,3.75867e-05,FALSE
20,9501944,"rs111704858","G","T",15834,2.76116,4.46285e-05,FALSE
8,9357874,"rs4841161","G","A",15800,1.52923,4.93443e-05,FALSE
20,57887971,"rs197183","G","T",15792,1.4283,5.52559e-05,FALSE
4,59594806,"rs11737756","G","T",15825,1.94562,5.79544e-05,FALSE
15,41031775,"rs3092983","A","G",15804,0.707738,5.86124e-05,FALSE
10,14849605,"rs75573076","G","C",15832,2.05285,5.92859e-05,FALSE
22,33160751,"rs117524034","A","C",15296,3.18939,6.10645e-05,FALSE
16,26799723,"rs493110","G","A",15823,0.699661,6.14938e-05,FALSE
6,29702679,"rs2394159","G","A",15820,0.701316,6.26413e-05,FALSE
7,45957318,"rs34006338","A","G",15811,2.48562,6.4733e-05,FALSE
8,131826700,"rs263265","A","G",15795,1.46647,6.51681e-05,FALSE
15,61545649,"rs72741614","G","A",15814,2.12687,6.52066e-05,FALSE
19,50795264,"rs73058376","A","G",15833,1.70466,6.55087e-05,FALSE
2,123232776,"rs115074541","C","T",15832,2.09298,6.66103e-05,FALSE
