CHROM,POS,ID,REF,ALT,OR,P,gene_name,type,gene_pos,distance,distance_direction
19,40132472,rs2158937,C,T,1.88713,9.20558e-07,AC005176.2,NA,19:40129325-40133041:+,0,NA
14,72769920,rs117757342,A,G,2.82681,2.04329e-06,RGS6,NA,14:72399156-73030654:+,0,NA
18,9406015,rs79126399,A,G,2.6355,2.29561e-06,TWSG1,three_prime_utr,18:9399526-9402418:+,3596,downstream
7,522043,rs118051507,G,A,2.79461,3.35166e-06,AC147651.1,exon,7:523744-523836:-,1700,downstream
14,34755751,rs79434931,C,T,2.76979,4.96593e-06,EGLN3,NA,14:34393437-34931980:-,0,NA
16,1200232,rs62012311,C,T,2.22736,5.28798e-06,CACNA1H,NA,16:1203241-1271771:+,3008,upstream
2,175349076,rs115361661,C,T,2.99481,8.41319e-06,GPR155,NA,2:175296966-175351822:-,0,NA
7,46167359,rs73107888,G,A,2.76816,8.49664e-06,AC023669.2,NA,7:46184535-46185286:+,17175,upstream
1,102471839,rs1415094,T,C,1.5634,8.98809e-06,OLFM3,NA,1:102268130-102462586:-,9252,upstream
10,131080127,rs11016735,A,G,2.27625,9.29176e-06,RP11-168C9.1,NA,10:131076515-131089986:+,0,NA
21,23757543,rs35441718,C,T,1.66449,9.48462e-06,AP000705.7,NA,21:23582258-23793139:+,0,NA
11,29303546,rs17513635,G,A,2.7454,1.04522e-05,AC110056.1,exon,11:29298236-29298352:+,5193,downstream
2,146817220,rs80046096,G,A,2.70398,1.14708e-05,RNU7-2P,NA,2:146902724-146902785:+,85503,upstream
7,93020108,rs73419344,T,C,1.86999,1.47616e-05,CCDC132,three_prime_utr,7:92987749-92988338:+,31769,downstream
15,41869162,rs28657602,G,A,1.45086,1.94268e-05,TYRO3,NA,15:41849873-41871536:+,0,NA
7,82449574,rs117535611,T,A,2.33361,2.34971e-05,PCLO,NA,7:82383329-82792246:-,0,NA
10,116133975,rs117723702,C,T,2.68985,2.39484e-05,AFAP1L2,NA,10:116054583-116164515:-,0,NA
1,102515357,rs4128357,G,A,1.48341,2.48377e-05,OLFM3,NA,1:102268130-102462586:-,52770,upstream
5,145052130,rs74464998,G,A,2.64091,2.48945e-05,PRELID2,NA,5:144851362-145214932:-,0,NA
17,19437339,rs61733934,C,T,2.9726,2.7994e-05,SLC47A1,exon,17:19437193-19437387:+,0,NA
6,135108517,rs62430454,C,T,2.28036,2.98817e-05,RP1-287H17.1,NA,6:135027198-135028487:-,80029,upstream
1,102581401,rs11164389,T,C,1.50225,3.47662e-05,RP11-202K23.1,exon,1:102665295-102665553:-,83893,downstream
1,89556260,rs7520950,A,C,0.662444,3.58926e-05,PTGES3P1,exon,1:89569968-89570075:-,13707,downstream
1,196166502,rs78471505,A,C,2.16083,3.60508e-05,KCNT2,three_prime_utr,1:196194909-196197353:-,28406,downstream
3,168094816,rs74926728,C,T,1.93202,3.63938e-05,EGFEM1P,NA,3:167967310-168548387:+,0,NA
15,42032383,rs17677991,C,G,1.42204,3.75867e-05,MGA,exon,15:42032104-42032401:+,0,NA
20,9501944,rs111704858,T,G,2.76116,4.46285e-05,LAMP5,NA,20:9495005-9511171:+,0,NA
8,9357874,rs4841161,A,G,1.52923,4.93443e-05,RP11-375N15.1,exon,8:9314677-9314928:+,42945,downstream
20,57887971,rs197183,T,G,1.4283,5.52559e-05,EDN3,NA,20:57875482-57901047:+,0,NA
4,59594806,rs11737756,T,G,1.94562,5.79544e-05,RP11-506N2.1,exon,4:59646791-59647291:-,51984,downstream
15,41031775,rs3092983,G,A,0.707738,5.86124e-05,RMDN3,exon,15:41030699-41031878:-,0,NA
10,14849605,rs75573076,C,G,2.05285,5.92859e-05,CDNF,three_prime_utr,10:14861249-14861978:-,11643,downstream
22,33160751,rs117524034,C,A,3.18939,6.10645e-05,SYN3,NA,22:32908539-33454358:-,0,NA
16,26799723,rs493110,A,G,0.699661,6.14938e-05,AC009035.1,exon,16:26747550-26747638:+,52084,downstream
6,29702679,rs2394159,A,G,0.701316,6.26413e-05,HLA-F-AS1,NA,6:29694378-29716826:-,0,NA
7,45957318,rs34006338,G,A,2.48562,6.4733e-05,IGFBP3,NA,7:45951949-45961473:-,0,NA
8,131826700,rs263265,G,A,1.46647,6.51681e-05,ADCY8,NA,8:131792547-132054672:-,0,NA
15,61545649,rs72741614,A,G,2.12687,6.52066e-05,RORA,NA,15:60780483-61521518:-,24130,upstream
19,50795264,rs73058376,G,A,1.70466,6.55087e-05,MYH14,NA,19:50691443-50813802:+,0,NA
2,123232776,rs115074541,T,C,2.09298,6.66103e-05,AC062020.2,NA,2:123822897-123825298:+,590120,upstream
